-- --------------------------------------------------------
-- 主机:                           localhost
-- 服务器版本:                        5.5.35 - MySQL Community Server (GPL)
-- 服务器操作系统:                      Win32
-- HeidiSQL 版本:                  9.3.0.4984
-- --------------------------------------------------------

/*!40101 SET @OLD_CHARACTER_SET_CLIENT=@@CHARACTER_SET_CLIENT */;
/*!40101 SET NAMES utf8mb4 */;
/*!40014 SET @OLD_FOREIGN_KEY_CHECKS=@@FOREIGN_KEY_CHECKS, FOREIGN_KEY_CHECKS=0 */;
/*!40101 SET @OLD_SQL_MODE=@@SQL_MODE, SQL_MODE='NO_AUTO_VALUE_ON_ZERO' */;

-- 导出  表 test.sys_role 结构
CREATE TABLE IF NOT EXISTS `sys_role` (
  `role_id` bigint(20) NOT NULL AUTO_INCREMENT,
  `role_name` varchar(100) DEFAULT NULL COMMENT '角色名称',
  `remark` varchar(100) DEFAULT NULL COMMENT '备注',
  `create_user_id` bigint(20) DEFAULT NULL COMMENT '创建者ID',
  `create_time` datetime DEFAULT NULL COMMENT '创建时间',
  PRIMARY KEY (`role_id`)
) ENGINE=InnoDB AUTO_INCREMENT=22 DEFAULT CHARSET=utf8 COMMENT='角色';

-- 正在导出表  test.sys_role 的数据：~8 rows (大约)
/*!40000 ALTER TABLE `sys_role` DISABLE KEYS */;
INSERT INTO `sys_role` (`role_id`, `role_name`, `remark`, `create_user_id`, `create_time`) VALUES
	(13, '审核', '垫资审核', 1, '2017-09-27 00:17:37'),
	(14, '放款', '进行放款', 1, '2017-09-27 00:19:24'),
	(15, '收款', '进行收款', 1, '2017-09-27 00:20:00'),
	(17, '全部权限', '斤斤计较', 1, '2017-09-27 01:05:11'),
	(18, '经理(垫资)', '', 1, '2017-10-10 14:31:33'),
	(19, '风控(垫资)', NULL, 1, '2017-10-10 14:31:52'),
	(20, '财务(垫资)', NULL, 1, '2017-10-10 14:32:20'),
	(21, '总经理(垫资)', NULL, 1, '2017-10-10 14:32:43');
/*!40000 ALTER TABLE `sys_role` ENABLE KEYS */;


-- 导出  表 test.sys_role_menu 结构
CREATE TABLE IF NOT EXISTS `sys_role_menu` (
  `id` bigint(20) NOT NULL AUTO_INCREMENT,
  `role_id` bigint(20) DEFAULT NULL COMMENT '角色ID',
  `menu_id` bigint(20) DEFAULT NULL COMMENT '菜单ID',
  PRIMARY KEY (`id`)
) ENGINE=InnoDB AUTO_INCREMENT=5489 DEFAULT CHARSET=utf8 COMMENT='角色与菜单对应关系';

-- 正在导出表  test.sys_role_menu 的数据：~464 rows (大约)
/*!40000 ALTER TABLE `sys_role_menu` DISABLE KEYS */;
INSERT INTO `sys_role_menu` (`id`, `role_id`, `menu_id`) VALUES
	(4175, 14, 33),
	(4176, 14, 53),
	(4177, 14, 63),
	(4178, 14, 87),
	(4179, 14, 100),
	(4180, 14, 111),
	(4181, 15, 33),
	(4182, 15, 54),
	(4183, 15, 64),
	(4184, 15, 78),
	(4185, 15, 88),
	(4186, 15, 101),
	(4187, 15, 112),
	(4188, 15, 147),
	(4189, 15, 179),
	(4190, 15, 180),
	(4471, 17, 32),
	(4472, 17, 35),
	(4473, 17, 131),
	(4474, 17, 132),
	(4475, 17, 133),
	(4476, 17, 134),
	(4477, 17, 36),
	(4478, 17, 37),
	(4479, 17, 38),
	(4480, 17, 39),
	(4481, 17, 47),
	(4482, 17, 127),
	(4483, 17, 144),
	(4484, 17, 145),
	(4485, 17, 146),
	(4486, 17, 48),
	(4487, 17, 49),
	(4488, 17, 50),
	(4489, 17, 51),
	(4490, 17, 181),
	(4491, 17, 182),
	(4492, 17, 183),
	(4493, 17, 184),
	(4494, 17, 185),
	(4495, 17, 186),
	(4496, 17, 187),
	(4497, 17, 188),
	(4498, 17, 189),
	(4499, 17, 190),
	(4500, 17, 33),
	(4501, 17, 42),
	(4502, 17, 77),
	(4503, 17, 85),
	(4504, 17, 98),
	(4505, 17, 43),
	(4506, 17, 44),
	(4507, 17, 45),
	(4508, 17, 52),
	(4509, 17, 62),
	(4510, 17, 86),
	(4511, 17, 99),
	(4512, 17, 110),
	(4513, 17, 53),
	(4514, 17, 63),
	(4515, 17, 87),
	(4516, 17, 100),
	(4517, 17, 111),
	(4518, 17, 54),
	(4519, 17, 64),
	(4520, 17, 78),
	(4521, 17, 88),
	(4522, 17, 101),
	(4523, 17, 112),
	(4524, 17, 147),
	(4525, 17, 179),
	(4526, 17, 180),
	(4527, 17, 55),
	(4528, 17, 56),
	(4529, 17, 61),
	(4530, 17, 89),
	(4531, 17, 102),
	(4532, 17, 119),
	(4533, 17, 121),
	(4534, 17, 57),
	(4535, 17, 66),
	(4536, 17, 90),
	(4537, 17, 103),
	(4538, 17, 113),
	(4539, 17, 58),
	(4540, 17, 67),
	(4541, 17, 79),
	(4542, 17, 91),
	(4543, 17, 104),
	(4544, 17, 114),
	(4545, 17, 59),
	(4546, 17, 68),
	(4547, 17, 80),
	(4548, 17, 92),
	(4549, 17, 105),
	(4550, 17, 115),
	(4551, 17, 60),
	(4552, 17, 69),
	(4553, 17, 73),
	(4554, 17, 93),
	(4555, 17, 106),
	(4556, 17, 120),
	(4557, 17, 122),
	(4558, 17, 70),
	(4559, 17, 74),
	(4560, 17, 94),
	(4561, 17, 107),
	(4562, 17, 116),
	(4563, 17, 71),
	(4564, 17, 75),
	(4565, 17, 81),
	(4566, 17, 95),
	(4567, 17, 108),
	(4568, 17, 117),
	(4569, 17, 72),
	(4570, 17, 76),
	(4571, 17, 82),
	(4572, 17, 96),
	(4573, 17, 109),
	(4574, 17, 118),
	(4575, 17, 173),
	(4576, 17, 174),
	(4577, 17, 175),
	(4578, 17, 176),
	(4579, 17, 177),
	(4580, 17, 178),
	(4581, 17, 148),
	(4582, 17, 149),
	(4583, 17, 150),
	(4584, 17, 151),
	(4585, 17, 152),
	(4586, 17, 153),
	(4587, 17, 154),
	(4588, 17, 155),
	(4589, 17, 156),
	(4590, 17, 157),
	(4591, 17, 158),
	(4592, 17, 159),
	(4593, 17, 160),
	(4594, 17, 161),
	(4595, 17, 162),
	(4596, 17, 163),
	(4597, 17, 164),
	(4598, 17, 165),
	(4599, 17, 166),
	(4600, 17, 167),
	(4601, 17, 168),
	(4602, 17, 169),
	(4603, 17, 170),
	(4604, 17, 171),
	(4605, 17, 172),
	(4606, 17, 1),
	(4607, 17, 2),
	(4608, 17, 15),
	(4609, 17, 16),
	(4610, 17, 17),
	(4611, 17, 18),
	(4612, 17, 3),
	(4613, 17, 19),
	(4614, 17, 20),
	(4615, 17, 21),
	(4616, 17, 22),
	(4617, 17, 4),
	(4618, 17, 23),
	(4619, 17, 24),
	(4620, 17, 25),
	(4621, 17, 26),
	(4622, 17, 5),
	(4623, 17, 6),
	(4624, 17, 7),
	(4625, 17, 8),
	(4626, 17, 9),
	(4627, 17, 10),
	(4628, 17, 11),
	(4629, 17, 12),
	(4630, 17, 13),
	(4631, 17, 14),
	(4632, 17, 27),
	(4633, 17, 30),
	(4634, 17, 29),
	(4635, 13, 33),
	(4636, 13, 42),
	(4637, 13, 77),
	(4638, 13, 85),
	(4639, 13, 98),
	(4640, 13, 43),
	(4641, 13, 44),
	(4642, 13, 45),
	(4643, 13, 52),
	(4644, 13, 62),
	(4645, 13, 86),
	(4646, 13, 99),
	(4647, 13, 110),
	(4648, 13, 54),
	(4649, 13, 64),
	(4650, 13, 78),
	(4651, 13, 88),
	(4652, 13, 101),
	(4653, 13, 112),
	(4654, 13, 147),
	(4655, 13, 179),
	(4656, 13, 180),
	(5073, 18, 32),
	(5074, 18, 35),
	(5075, 18, 131),
	(5076, 18, 132),
	(5077, 18, 133),
	(5078, 18, 134),
	(5079, 18, 36),
	(5080, 18, 37),
	(5081, 18, 38),
	(5082, 18, 39),
	(5083, 18, 47),
	(5084, 18, 127),
	(5085, 18, 144),
	(5086, 18, 145),
	(5087, 18, 146),
	(5088, 18, 48),
	(5089, 18, 49),
	(5090, 18, 50),
	(5091, 18, 51),
	(5092, 18, 181),
	(5093, 18, 182),
	(5094, 18, 183),
	(5095, 18, 184),
	(5096, 18, 185),
	(5097, 18, 186),
	(5098, 18, 187),
	(5099, 18, 188),
	(5100, 18, 189),
	(5101, 18, 190),
	(5102, 18, 33),
	(5103, 18, 42),
	(5104, 18, 77),
	(5105, 18, 85),
	(5106, 18, 98),
	(5107, 18, 43),
	(5108, 18, 44),
	(5109, 18, 45),
	(5110, 18, 52),
	(5111, 18, 62),
	(5112, 18, 86),
	(5113, 18, 99),
	(5114, 18, 110),
	(5115, 18, 53),
	(5116, 18, 63),
	(5117, 18, 87),
	(5118, 18, 100),
	(5119, 18, 111),
	(5120, 18, 54),
	(5121, 18, 64),
	(5122, 18, 78),
	(5123, 18, 88),
	(5124, 18, 101),
	(5125, 18, 112),
	(5126, 18, 147),
	(5127, 18, 179),
	(5128, 18, 180),
	(5129, 18, 55),
	(5130, 18, 56),
	(5131, 18, 61),
	(5132, 18, 89),
	(5133, 18, 102),
	(5134, 18, 119),
	(5135, 18, 121),
	(5136, 18, 57),
	(5137, 18, 66),
	(5138, 18, 90),
	(5139, 18, 103),
	(5140, 18, 113),
	(5141, 18, 58),
	(5142, 18, 67),
	(5143, 18, 79),
	(5144, 18, 91),
	(5145, 18, 104),
	(5146, 18, 114),
	(5147, 18, 59),
	(5148, 18, 68),
	(5149, 18, 80),
	(5150, 18, 92),
	(5151, 18, 105),
	(5152, 18, 115),
	(5153, 18, 60),
	(5154, 18, 69),
	(5155, 18, 73),
	(5156, 18, 93),
	(5157, 18, 106),
	(5158, 18, 120),
	(5159, 18, 122),
	(5160, 18, 70),
	(5161, 18, 74),
	(5162, 18, 94),
	(5163, 18, 107),
	(5164, 18, 116),
	(5165, 18, 71),
	(5166, 18, 75),
	(5167, 18, 81),
	(5168, 18, 95),
	(5169, 18, 108),
	(5170, 18, 117),
	(5171, 18, 72),
	(5172, 18, 76),
	(5173, 18, 82),
	(5174, 18, 96),
	(5175, 18, 109),
	(5176, 18, 118),
	(5177, 19, 32),
	(5178, 19, 35),
	(5179, 19, 131),
	(5180, 19, 132),
	(5181, 19, 133),
	(5182, 19, 134),
	(5183, 19, 36),
	(5184, 19, 37),
	(5185, 19, 38),
	(5186, 19, 39),
	(5187, 19, 47),
	(5188, 19, 127),
	(5189, 19, 144),
	(5190, 19, 145),
	(5191, 19, 146),
	(5192, 19, 48),
	(5193, 19, 49),
	(5194, 19, 50),
	(5195, 19, 51),
	(5196, 19, 181),
	(5197, 19, 182),
	(5198, 19, 183),
	(5199, 19, 184),
	(5200, 19, 185),
	(5201, 19, 186),
	(5202, 19, 187),
	(5203, 19, 188),
	(5204, 19, 189),
	(5205, 19, 190),
	(5206, 19, 33),
	(5207, 19, 42),
	(5208, 19, 77),
	(5209, 19, 85),
	(5210, 19, 98),
	(5211, 19, 43),
	(5212, 19, 44),
	(5213, 19, 45),
	(5214, 19, 52),
	(5215, 19, 62),
	(5216, 19, 86),
	(5217, 19, 99),
	(5218, 19, 110),
	(5219, 19, 53),
	(5220, 19, 63),
	(5221, 19, 87),
	(5222, 19, 100),
	(5223, 19, 111),
	(5224, 19, 54),
	(5225, 19, 64),
	(5226, 19, 78),
	(5227, 19, 88),
	(5228, 19, 101),
	(5229, 19, 112),
	(5230, 19, 147),
	(5231, 19, 179),
	(5232, 19, 180),
	(5233, 19, 55),
	(5234, 19, 56),
	(5235, 19, 61),
	(5236, 19, 89),
	(5237, 19, 102),
	(5238, 19, 119),
	(5239, 19, 121),
	(5240, 19, 57),
	(5241, 19, 66),
	(5242, 19, 90),
	(5243, 19, 103),
	(5244, 19, 113),
	(5245, 19, 58),
	(5246, 19, 67),
	(5247, 19, 79),
	(5248, 19, 91),
	(5249, 19, 104),
	(5250, 19, 114),
	(5251, 19, 59),
	(5252, 19, 68),
	(5253, 19, 80),
	(5254, 19, 92),
	(5255, 19, 105),
	(5256, 19, 115),
	(5257, 19, 60),
	(5258, 19, 69),
	(5259, 19, 73),
	(5260, 19, 93),
	(5261, 19, 106),
	(5262, 19, 120),
	(5263, 19, 122),
	(5264, 19, 70),
	(5265, 19, 74),
	(5266, 19, 94),
	(5267, 19, 107),
	(5268, 19, 116),
	(5269, 19, 71),
	(5270, 19, 75),
	(5271, 19, 81),
	(5272, 19, 95),
	(5273, 19, 108),
	(5274, 19, 117),
	(5275, 19, 72),
	(5276, 19, 76),
	(5277, 19, 82),
	(5278, 19, 96),
	(5279, 19, 109),
	(5280, 19, 118),
	(5281, 20, 32),
	(5282, 20, 35),
	(5283, 20, 131),
	(5284, 20, 132),
	(5285, 20, 133),
	(5286, 20, 134),
	(5287, 20, 36),
	(5288, 20, 37),
	(5289, 20, 38),
	(5290, 20, 39),
	(5291, 20, 47),
	(5292, 20, 127),
	(5293, 20, 144),
	(5294, 20, 145),
	(5295, 20, 146),
	(5296, 20, 48),
	(5297, 20, 49),
	(5298, 20, 50),
	(5299, 20, 51),
	(5300, 20, 181),
	(5301, 20, 182),
	(5302, 20, 183),
	(5303, 20, 184),
	(5304, 20, 185),
	(5305, 20, 186),
	(5306, 20, 187),
	(5307, 20, 188),
	(5308, 20, 189),
	(5309, 20, 190),
	(5310, 20, 33),
	(5311, 20, 42),
	(5312, 20, 77),
	(5313, 20, 85),
	(5314, 20, 98),
	(5315, 20, 43),
	(5316, 20, 44),
	(5317, 20, 45),
	(5318, 20, 52),
	(5319, 20, 62),
	(5320, 20, 86),
	(5321, 20, 99),
	(5322, 20, 110),
	(5323, 20, 53),
	(5324, 20, 63),
	(5325, 20, 87),
	(5326, 20, 100),
	(5327, 20, 111),
	(5328, 20, 54),
	(5329, 20, 64),
	(5330, 20, 78),
	(5331, 20, 88),
	(5332, 20, 101),
	(5333, 20, 112),
	(5334, 20, 147),
	(5335, 20, 179),
	(5336, 20, 180),
	(5337, 20, 55),
	(5338, 20, 56),
	(5339, 20, 61),
	(5340, 20, 89),
	(5341, 20, 102),
	(5342, 20, 119),
	(5343, 20, 121),
	(5344, 20, 57),
	(5345, 20, 66),
	(5346, 20, 90),
	(5347, 20, 103),
	(5348, 20, 113),
	(5349, 20, 58),
	(5350, 20, 67),
	(5351, 20, 79),
	(5352, 20, 91),
	(5353, 20, 104),
	(5354, 20, 114),
	(5355, 20, 59),
	(5356, 20, 68),
	(5357, 20, 80),
	(5358, 20, 92),
	(5359, 20, 105),
	(5360, 20, 115),
	(5361, 20, 60),
	(5362, 20, 69),
	(5363, 20, 73),
	(5364, 20, 93),
	(5365, 20, 106),
	(5366, 20, 120),
	(5367, 20, 122),
	(5368, 20, 70),
	(5369, 20, 74),
	(5370, 20, 94),
	(5371, 20, 107),
	(5372, 20, 116),
	(5373, 20, 71),
	(5374, 20, 75),
	(5375, 20, 81),
	(5376, 20, 95),
	(5377, 20, 108),
	(5378, 20, 117),
	(5379, 20, 72),
	(5380, 20, 76),
	(5381, 20, 82),
	(5382, 20, 96),
	(5383, 20, 109),
	(5384, 20, 118),
	(5385, 21, 32),
	(5386, 21, 35),
	(5387, 21, 131),
	(5388, 21, 132),
	(5389, 21, 133),
	(5390, 21, 134),
	(5391, 21, 36),
	(5392, 21, 37),
	(5393, 21, 38),
	(5394, 21, 39),
	(5395, 21, 47),
	(5396, 21, 127),
	(5397, 21, 144),
	(5398, 21, 145),
	(5399, 21, 146),
	(5400, 21, 48),
	(5401, 21, 49),
	(5402, 21, 50),
	(5403, 21, 51),
	(5404, 21, 181),
	(5405, 21, 182),
	(5406, 21, 183),
	(5407, 21, 184),
	(5408, 21, 185),
	(5409, 21, 186),
	(5410, 21, 187),
	(5411, 21, 188),
	(5412, 21, 189),
	(5413, 21, 190),
	(5414, 21, 33),
	(5415, 21, 42),
	(5416, 21, 77),
	(5417, 21, 85),
	(5418, 21, 98),
	(5419, 21, 43),
	(5420, 21, 44),
	(5421, 21, 45),
	(5422, 21, 52),
	(5423, 21, 62),
	(5424, 21, 86),
	(5425, 21, 99),
	(5426, 21, 110),
	(5427, 21, 53),
	(5428, 21, 63),
	(5429, 21, 87),
	(5430, 21, 100),
	(5431, 21, 111),
	(5432, 21, 54),
	(5433, 21, 64),
	(5434, 21, 78),
	(5435, 21, 88),
	(5436, 21, 101),
	(5437, 21, 112),
	(5438, 21, 147),
	(5439, 21, 179),
	(5440, 21, 180),
	(5441, 21, 55),
	(5442, 21, 56),
	(5443, 21, 61),
	(5444, 21, 89),
	(5445, 21, 102),
	(5446, 21, 119),
	(5447, 21, 121),
	(5448, 21, 57),
	(5449, 21, 66),
	(5450, 21, 90),
	(5451, 21, 103),
	(5452, 21, 113),
	(5453, 21, 58),
	(5454, 21, 67),
	(5455, 21, 79),
	(5456, 21, 91),
	(5457, 21, 104),
	(5458, 21, 114),
	(5459, 21, 59),
	(5460, 21, 68),
	(5461, 21, 80),
	(5462, 21, 92),
	(5463, 21, 105),
	(5464, 21, 115),
	(5465, 21, 60),
	(5466, 21, 69),
	(5467, 21, 73),
	(5468, 21, 93),
	(5469, 21, 106),
	(5470, 21, 120),
	(5471, 21, 122),
	(5472, 21, 70),
	(5473, 21, 74),
	(5474, 21, 94),
	(5475, 21, 107),
	(5476, 21, 116),
	(5477, 21, 71),
	(5478, 21, 75),
	(5479, 21, 81),
	(5480, 21, 95),
	(5481, 21, 108),
	(5482, 21, 117),
	(5483, 21, 72),
	(5484, 21, 76),
	(5485, 21, 82),
	(5486, 21, 96),
	(5487, 21, 109),
	(5488, 21, 118);
/*!40000 ALTER TABLE `sys_role_menu` ENABLE KEYS */;


-- 导出  表 test.sys_user 结构
CREATE TABLE IF NOT EXISTS `sys_user` (
  `id` int(11) NOT NULL AUTO_INCREMENT,
  `username` varchar(50) NOT NULL COMMENT '用户名',
  `password` varchar(100) NOT NULL COMMENT '密码',
  `token` varchar(200) DEFAULT NULL COMMENT 'token',
  `status` int(1) NOT NULL DEFAULT '0' COMMENT '状态  1：禁用   0：正常',
  `gmt_create` datetime DEFAULT NULL COMMENT '创建时间',
  `gmt_modified` datetime DEFAULT NULL,
  PRIMARY KEY (`id`),
  UNIQUE KEY `username` (`username`)
) ENGINE=InnoDB AUTO_INCREMENT=3 DEFAULT CHARSET=utf8 COMMENT='系统用户';

-- 正在导出表  test.sys_user 的数据：~2 rows (大约)
/*!40000 ALTER TABLE `sys_user` DISABLE KEYS */;
INSERT INTO `sys_user` (`id`, `username`, `password`, `token`, `status`, `gmt_create`, `gmt_modified`) VALUES
	(1, 'admin', '$2a$10$TXwkijWazhV/q.m0kpDNx.dtqZhJzro3SmVxLptscLqY54fLHpoAy', '', 0, '2016-11-11 11:11:11', NULL),
	(2, '123', '$2a$10$TXwkijWazhV/q.m0kpDNx.dtqZhJzro3SmVxLptscLqY54fLHpoAy', 'eyJhbGciOiJIUzI1NiJ9.eyJwYXNzd29yZCI6bnVsbCwiZXhwIjoxNTE0NDQ3MjUyLCJ1c2VySWQiOjIsInVzZXJuYW1lIjoiMTIzIn0.b4-6dXLZK8KYuzUeSgsqXpzGB8TgnTZF-SXVG3ijm98', 0, '2017-09-27 00:15:49', NULL);
/*!40000 ALTER TABLE `sys_user` ENABLE KEYS */;


-- 导出  表 test.sys_user_role 结构
CREATE TABLE IF NOT EXISTS `sys_user_role` (
  `id` bigint(20) NOT NULL AUTO_INCREMENT,
  `user_id` bigint(20) DEFAULT NULL COMMENT '用户ID',
  `role_id` bigint(20) DEFAULT NULL COMMENT '角色ID',
  PRIMARY KEY (`id`)
) ENGINE=InnoDB AUTO_INCREMENT=69 DEFAULT CHARSET=utf8 COMMENT='用户与角色对应关系';

-- 正在导出表  test.sys_user_role 的数据：~13 rows (大约)
/*!40000 ALTER TABLE `sys_user_role` DISABLE KEYS */;
INSERT INTO `sys_user_role` (`id`, `user_id`, `role_id`) VALUES
	(55, 31, 17),
	(56, 32, 17),
	(57, 33, 17),
	(58, 27, 18),
	(59, 28, 19),
	(60, 29, 21),
	(62, 30, 20),
	(63, 1, 13),
	(64, 28, 14),
	(65, 27, 14),
	(66, 27, 13),
	(67, 80, 13),
	(68, 80, 17);
/*!40000 ALTER TABLE `sys_user_role` ENABLE KEYS */;


-- 导出  表 test.user 结构
CREATE TABLE IF NOT EXISTS `user` (
  `id` int(11) NOT NULL AUTO_INCREMENT,
  `username` varchar(200) DEFAULT NULL,
  `phone` varchar(50) DEFAULT NULL,
  `age` int(11) DEFAULT NULL,
  `is_deleted` int(1) DEFAULT '0',
  `gmt_create` datetime DEFAULT NULL,
  `gmt_modified` datetime DEFAULT NULL,
  PRIMARY KEY (`id`)
) ENGINE=InnoDB AUTO_INCREMENT=201 DEFAULT CHARSET=utf8;

-- 正在导出表  test.user 的数据：~200 rows (大约)
/*!40000 ALTER TABLE `user` DISABLE KEYS */;
INSERT INTO `user` (`id`, `username`, `phone`, `age`, `is_deleted`, `gmt_create`, `gmt_modified`) VALUES
	(1, '姓名1', '13908277', 1, 1, '2017-11-27 10:42:34', '2017-11-27 14:17:28'),
	(2, '姓名2', '13908278', 2, 1, '2017-11-27 10:42:34', '2017-11-27 14:24:11'),
	(3, '姓名3', '13908279', 3, 0, '2017-11-27 10:42:34', '2017-11-28 15:47:35'),
	(4, '姓名4', '13908280', 4, 0, '2017-11-27 10:42:34', '2017-11-28 15:48:02'),
	(5, '姓名5', '13908281', 5, 0, '2017-11-27 10:42:34', '2017-11-28 15:35:53'),
	(6, '姓名6', '13908282', 6, 0, '2017-11-27 10:42:34', '2017-11-27 10:42:34'),
	(7, '姓名7', '13908283', 7, 0, '2017-11-27 10:42:34', '2017-11-27 10:42:34'),
	(8, '姓名8', '13908284', 8, 0, '2017-11-27 10:42:34', '2017-11-27 10:42:34'),
	(9, '姓名9', '13908285', 9, 0, '2017-11-27 10:42:34', '2017-11-27 10:42:34'),
	(10, '姓名10', '13908286', 10, 0, '2017-11-27 10:42:34', '2017-11-27 10:42:34'),
	(11, '姓名11', '13908287', 11, 0, '2017-11-27 10:42:34', '2017-11-27 10:42:34'),
	(12, '姓名12', '13908288', 12, 0, '2017-11-27 10:42:34', '2017-11-27 10:42:34'),
	(13, '姓名13', '13908289', 13, 0, '2017-11-27 10:42:34', '2017-11-27 10:42:34'),
	(14, '姓名14', '13908290', 14, 0, '2017-11-27 10:42:34', '2017-11-27 10:42:34'),
	(15, '姓名15', '13908291', 15, 0, '2017-11-27 10:42:34', '2017-11-27 10:42:34'),
	(16, '姓名16', '13908292', 16, 0, '2017-11-27 10:42:34', '2017-11-27 10:42:34'),
	(17, '姓名17', '13908293', 17, 0, '2017-11-27 10:42:34', '2017-11-27 10:42:34'),
	(18, '姓名18', '13908294', 18, 0, '2017-11-27 10:42:34', '2017-11-27 10:42:34'),
	(19, '姓名19', '13908295', 19, 0, '2017-11-27 10:42:34', '2017-11-27 10:42:34'),
	(20, '姓名20', '13908296', 20, 0, '2017-11-27 10:42:34', '2017-11-27 10:42:34'),
	(21, '姓名21', '13908297', 21, 0, '2017-11-27 10:42:34', '2017-11-27 10:42:34'),
	(22, '姓名22', '13908298', 22, 0, '2017-11-27 10:42:34', '2017-11-27 10:42:34'),
	(23, '姓名23', '13908299', 23, 0, '2017-11-27 10:42:34', '2017-11-27 10:42:34'),
	(24, '姓名24', '13908300', 24, 0, '2017-11-27 10:42:34', '2017-11-27 10:42:34'),
	(25, '姓名25', '13908301', 25, 0, '2017-11-27 10:42:34', '2017-11-27 10:42:34'),
	(26, '姓名26', '13908302', 26, 0, '2017-11-27 10:42:34', '2017-11-27 10:42:34'),
	(27, '姓名27', '13908303', 27, 0, '2017-11-27 10:42:34', '2017-11-27 10:42:34'),
	(28, '姓名28', '13908304', 28, 0, '2017-11-27 10:42:34', '2017-11-27 10:42:34'),
	(29, '姓名29', '13908305', 29, 0, '2017-11-27 10:42:34', '2017-11-27 10:42:34'),
	(30, '姓名30', '13908306', 30, 0, '2017-11-27 10:42:34', '2017-11-27 10:42:34'),
	(31, '姓名31', '13908307', 31, 0, '2017-11-27 10:42:34', '2017-11-27 10:42:34'),
	(32, '姓名32', '13908308', 32, 0, '2017-11-27 10:42:34', '2017-11-27 10:42:34'),
	(33, '姓名33', '13908309', 33, 0, '2017-11-27 10:42:34', '2017-11-27 10:42:34'),
	(34, '姓名34', '13908310', 34, 0, '2017-11-27 10:42:34', '2017-11-27 10:42:34'),
	(35, '姓名35', '13908311', 35, 0, '2017-11-27 10:42:34', '2017-11-27 10:42:34'),
	(36, '姓名36', '13908312', 36, 0, '2017-11-27 10:42:34', '2017-11-27 10:42:34'),
	(37, '姓名37', '13908313', 37, 0, '2017-11-27 10:42:34', '2017-11-27 10:42:34'),
	(38, '姓名38', '13908314', 38, 0, '2017-11-27 10:42:34', '2017-11-27 10:42:34'),
	(39, '姓名39', '13908315', 39, 0, '2017-11-27 10:42:34', '2017-11-27 10:42:34'),
	(40, '姓名40', '13908316', 40, 0, '2017-11-27 10:42:34', '2017-11-27 10:42:34'),
	(41, '姓名41', '13908317', 41, 0, '2017-11-27 10:42:34', '2017-11-27 10:42:34'),
	(42, '姓名42', '13908318', 42, 0, '2017-11-27 10:42:34', '2017-11-27 10:42:34'),
	(43, '姓名43', '13908319', 43, 0, '2017-11-27 10:42:34', '2017-11-27 10:42:34'),
	(44, '姓名44', '13908320', 44, 0, '2017-11-27 10:42:34', '2017-11-27 10:42:34'),
	(45, '姓名45', '13908321', 45, 0, '2017-11-27 10:42:34', '2017-11-27 10:42:34'),
	(46, '姓名46', '13908322', 46, 0, '2017-11-27 10:42:34', '2017-11-27 10:42:34'),
	(47, '姓名47', '13908323', 47, 0, '2017-11-27 10:42:34', '2017-11-27 10:42:34'),
	(48, '姓名48', '13908324', 48, 0, '2017-11-27 10:42:34', '2017-11-27 10:42:34'),
	(49, '姓名49', '13908325', 49, 0, '2017-11-27 10:42:34', '2017-11-27 10:42:34'),
	(50, '姓名50', '13908326', 50, 0, '2017-11-27 10:42:34', '2017-11-27 10:42:34'),
	(51, '姓名51', '13908327', 51, 0, '2017-11-27 10:42:34', '2017-11-27 10:42:34'),
	(52, '姓名52', '13908328', 52, 0, '2017-11-27 10:42:34', '2017-11-27 10:42:34'),
	(53, '姓名53', '13908329', 53, 0, '2017-11-27 10:42:34', '2017-11-27 10:42:34'),
	(54, '姓名54', '13908330', 54, 0, '2017-11-27 10:42:34', '2017-11-27 10:42:34'),
	(55, '姓名55', '13908331', 55, 0, '2017-11-27 10:42:34', '2017-11-27 10:42:34'),
	(56, '姓名56', '13908332', 56, 0, '2017-11-27 10:42:34', '2017-11-27 10:42:34'),
	(57, '姓名57', '13908333', 57, 0, '2017-11-27 10:42:34', '2017-11-27 10:42:34'),
	(58, '姓名58', '13908334', 58, 0, '2017-11-27 10:42:34', '2017-11-27 10:42:34'),
	(59, '姓名59', '13908335', 59, 0, '2017-11-27 10:42:34', '2017-11-27 10:42:34'),
	(60, '姓名60', '13908336', 60, 0, '2017-11-27 10:42:34', '2017-11-27 10:42:34'),
	(61, '姓名61', '13908337', 61, 0, '2017-11-27 10:42:34', '2017-11-27 10:42:34'),
	(62, '姓名62', '13908338', 62, 0, '2017-11-27 10:42:34', '2017-11-27 10:42:34'),
	(63, '姓名63', '13908339', 63, 0, '2017-11-27 10:42:34', '2017-11-27 10:42:34'),
	(64, '姓名64', '13908340', 64, 0, '2017-11-27 10:42:34', '2017-11-27 10:42:34'),
	(65, '姓名65', '13908341', 65, 0, '2017-11-27 10:42:34', '2017-11-27 10:42:34'),
	(66, '姓名66', '13908342', 66, 0, '2017-11-27 10:42:34', '2017-11-27 10:42:34'),
	(67, '姓名67', '13908343', 67, 0, '2017-11-27 10:42:34', '2017-11-27 10:42:34'),
	(68, '姓名68', '13908344', 68, 0, '2017-11-27 10:42:34', '2017-11-27 10:42:34'),
	(69, '姓名69', '13908345', 69, 0, '2017-11-27 10:42:34', '2017-11-27 10:42:34'),
	(70, '姓名70', '13908346', 70, 0, '2017-11-27 10:42:34', '2017-11-27 10:42:34'),
	(71, '姓名71', '13908347', 71, 0, '2017-11-27 10:42:34', '2017-11-27 10:42:34'),
	(72, '姓名72', '13908348', 72, 0, '2017-11-27 10:42:34', '2017-11-27 10:42:34'),
	(73, '姓名73', '13908349', 73, 0, '2017-11-27 10:42:34', '2017-11-27 10:42:34'),
	(74, '姓名74', '13908350', 74, 0, '2017-11-27 10:42:34', '2017-11-27 10:42:34'),
	(75, '姓名75', '13908351', 75, 0, '2017-11-27 10:42:34', '2017-11-27 10:42:34'),
	(76, '姓名76', '13908352', 76, 0, '2017-11-27 10:42:34', '2017-11-27 10:42:34'),
	(77, '姓名77', '13908353', 77, 0, '2017-11-27 10:42:34', '2017-11-27 10:42:34'),
	(78, '姓名78', '13908354', 78, 0, '2017-11-27 10:42:34', '2017-11-27 10:42:34'),
	(79, '姓名79', '13908355', 79, 0, '2017-11-27 10:42:34', '2017-11-27 10:42:34'),
	(80, '姓名80', '13908356', 80, 0, '2017-11-27 10:42:34', '2017-11-27 10:42:34'),
	(81, '姓名81', '13908357', 81, 0, '2017-11-27 10:42:34', '2017-11-27 10:42:34'),
	(82, '姓名82', '13908358', 82, 0, '2017-11-27 10:42:34', '2017-11-27 10:42:34'),
	(83, '姓名83', '13908359', 83, 0, '2017-11-27 10:42:34', '2017-11-27 10:42:34'),
	(84, '姓名84', '13908360', 84, 0, '2017-11-27 10:42:35', '2017-11-27 10:42:35'),
	(85, '姓名85', '13908361', 85, 0, '2017-11-27 10:42:35', '2017-11-27 10:42:35'),
	(86, '姓名86', '13908362', 86, 0, '2017-11-27 10:42:35', '2017-11-27 10:42:35'),
	(87, '姓名87', '13908363', 87, 0, '2017-11-27 10:42:35', '2017-11-27 10:42:35'),
	(88, '姓名88', '13908364', 88, 0, '2017-11-27 10:42:35', '2017-11-27 10:42:35'),
	(89, '姓名89', '13908365', 89, 0, '2017-11-27 10:42:35', '2017-11-27 10:42:35'),
	(90, '姓名90', '13908366', 90, 0, '2017-11-27 10:42:35', '2017-11-27 10:42:35'),
	(91, '姓名91', '13908367', 91, 0, '2017-11-27 10:42:35', '2017-11-27 10:42:35'),
	(92, '姓名92', '13908368', 92, 0, '2017-11-27 10:42:35', '2017-11-27 10:42:35'),
	(93, '姓名93', '13908369', 93, 0, '2017-11-27 10:42:35', '2017-11-27 10:42:35'),
	(94, '姓名94', '13908370', 94, 0, '2017-11-27 10:42:35', '2017-11-27 10:42:35'),
	(95, '姓名95', '13908371', 95, 0, '2017-11-27 10:42:35', '2017-11-27 10:42:35'),
	(96, '姓名96', '13908372', 96, 0, '2017-11-27 10:42:35', '2017-11-27 10:42:35'),
	(97, '姓名97', '13908373', 97, 0, '2017-11-27 10:42:35', '2017-11-27 10:42:35'),
	(98, '姓名98', '13908374', 98, 0, '2017-11-27 10:42:35', '2017-11-27 10:42:35'),
	(99, '姓名99', '13908375', 99, 0, '2017-11-27 10:42:35', '2017-11-27 10:42:35'),
	(100, '姓名100', '13908376', 100, 0, '2017-11-27 10:42:35', '2017-11-27 10:42:35'),
	(101, '姓名1', '13908277', 1, 0, '2017-11-27 14:40:57', '2017-11-27 14:40:57'),
	(102, '姓名2', '13908278', 2, 0, '2017-11-27 14:40:57', '2017-11-27 14:40:57'),
	(103, '姓名3', '13908279', 3, 0, '2017-11-27 14:40:57', '2017-11-27 14:40:57'),
	(104, '姓名4', '13908280', 4, 0, '2017-11-27 14:40:57', '2017-11-27 14:40:57'),
	(105, '姓名5', '13908281', 5, 0, '2017-11-27 14:40:57', '2017-11-27 14:40:57'),
	(106, '姓名6', '13908282', 6, 0, '2017-11-27 14:40:57', '2017-11-27 14:40:57'),
	(107, '姓名7', '13908283', 7, 0, '2017-11-27 14:40:57', '2017-11-27 14:40:57'),
	(108, '姓名8', '13908284', 8, 0, '2017-11-27 14:40:57', '2017-11-27 14:40:57'),
	(109, '姓名9', '13908285', 9, 0, '2017-11-27 14:40:57', '2017-11-27 14:40:57'),
	(110, '姓名10', '13908286', 10, 0, '2017-11-27 14:40:57', '2017-11-27 14:40:57'),
	(111, '姓名11', '13908287', 11, 0, '2017-11-27 14:40:57', '2017-11-27 14:40:57'),
	(112, '姓名12', '13908288', 12, 0, '2017-11-27 14:40:57', '2017-11-27 14:40:57'),
	(113, '姓名13', '13908289', 13, 0, '2017-11-27 14:40:57', '2017-11-27 14:40:57'),
	(114, '姓名14', '13908290', 14, 0, '2017-11-27 14:40:57', '2017-11-27 14:40:57'),
	(115, '姓名15', '13908291', 15, 0, '2017-11-27 14:40:57', '2017-11-27 14:40:57'),
	(116, '姓名16', '13908292', 16, 0, '2017-11-27 14:40:57', '2017-11-27 14:40:57'),
	(117, '姓名17', '13908293', 17, 0, '2017-11-27 14:40:57', '2017-11-27 14:40:57'),
	(118, '姓名18', '13908294', 18, 0, '2017-11-27 14:40:57', '2017-11-27 14:40:57'),
	(119, '姓名19', '13908295', 19, 0, '2017-11-27 14:40:57', '2017-11-27 14:40:57'),
	(120, '姓名20', '13908296', 20, 0, '2017-11-27 14:40:57', '2017-11-27 14:40:57'),
	(121, '姓名21', '13908297', 21, 0, '2017-11-27 14:40:57', '2017-11-27 14:40:57'),
	(122, '姓名22', '13908298', 22, 0, '2017-11-27 14:40:57', '2017-11-27 14:40:57'),
	(123, '姓名23', '13908299', 23, 0, '2017-11-27 14:40:57', '2017-11-27 14:40:57'),
	(124, '姓名24', '13908300', 24, 0, '2017-11-27 14:40:57', '2017-11-27 14:40:57'),
	(125, '姓名25', '13908301', 25, 0, '2017-11-27 14:40:57', '2017-11-27 14:40:57'),
	(126, '姓名26', '13908302', 26, 0, '2017-11-27 14:40:57', '2017-11-27 14:40:57'),
	(127, '姓名27', '13908303', 27, 0, '2017-11-27 14:40:57', '2017-11-27 14:40:57'),
	(128, '姓名28', '13908304', 28, 0, '2017-11-27 14:40:57', '2017-11-27 14:40:57'),
	(129, '姓名29', '13908305', 29, 0, '2017-11-27 14:40:57', '2017-11-27 14:40:57'),
	(130, '姓名30', '13908306', 30, 0, '2017-11-27 14:40:57', '2017-11-27 14:40:57'),
	(131, '姓名31', '13908307', 31, 0, '2017-11-27 14:40:57', '2017-11-27 14:40:57'),
	(132, '姓名32', '13908308', 32, 0, '2017-11-27 14:40:57', '2017-11-27 14:40:57'),
	(133, '姓名33', '13908309', 33, 0, '2017-11-27 14:40:57', '2017-11-27 14:40:57'),
	(134, '姓名34', '13908310', 34, 0, '2017-11-27 14:40:57', '2017-11-27 14:40:57'),
	(135, '姓名35', '13908311', 35, 0, '2017-11-27 14:40:57', '2017-11-27 14:40:57'),
	(136, '姓名36', '13908312', 36, 0, '2017-11-27 14:40:57', '2017-11-27 14:40:57'),
	(137, '姓名37', '13908313', 37, 0, '2017-11-27 14:40:57', '2017-11-27 14:40:57'),
	(138, '姓名38', '13908314', 38, 0, '2017-11-27 14:40:57', '2017-11-27 14:40:57'),
	(139, '姓名39', '13908315', 39, 0, '2017-11-27 14:40:57', '2017-11-27 14:40:57'),
	(140, '姓名40', '13908316', 40, 0, '2017-11-27 14:40:57', '2017-11-27 14:40:57'),
	(141, '姓名41', '13908317', 41, 0, '2017-11-27 14:40:57', '2017-11-27 14:40:57'),
	(142, '姓名42', '13908318', 42, 0, '2017-11-27 14:40:57', '2017-11-27 14:40:57'),
	(143, '姓名43', '13908319', 43, 0, '2017-11-27 14:40:57', '2017-11-27 14:40:57'),
	(144, '姓名44', '13908320', 44, 0, '2017-11-27 14:40:57', '2017-11-27 14:40:57'),
	(145, '姓名45', '13908321', 45, 0, '2017-11-27 14:40:57', '2017-11-27 14:40:57'),
	(146, '姓名46', '13908322', 46, 0, '2017-11-27 14:40:57', '2017-11-27 14:40:57'),
	(147, '姓名47', '13908323', 47, 0, '2017-11-27 14:40:57', '2017-11-27 14:40:57'),
	(148, '姓名48', '13908324', 48, 0, '2017-11-27 14:40:57', '2017-11-27 14:40:57'),
	(149, '姓名49', '13908325', 49, 0, '2017-11-27 14:40:57', '2017-11-27 14:40:57'),
	(150, '姓名50', '13908326', 50, 0, '2017-11-27 14:40:57', '2017-11-27 14:40:57'),
	(151, '姓名51', '13908327', 51, 0, '2017-11-27 14:40:57', '2017-11-27 14:40:57'),
	(152, '姓名52', '13908328', 52, 0, '2017-11-27 14:40:57', '2017-11-27 14:40:57'),
	(153, '姓名53', '13908329', 53, 0, '2017-11-27 14:40:57', '2017-11-27 14:40:57'),
	(154, '姓名54', '13908330', 54, 0, '2017-11-27 14:40:57', '2017-11-27 14:40:57'),
	(155, '姓名55', '13908331', 55, 0, '2017-11-27 14:40:57', '2017-11-27 14:40:57'),
	(156, '姓名56', '13908332', 56, 0, '2017-11-27 14:40:57', '2017-11-27 14:40:57'),
	(157, '姓名57', '13908333', 57, 0, '2017-11-27 14:40:57', '2017-11-27 14:40:57'),
	(158, '姓名58', '13908334', 58, 0, '2017-11-27 14:40:57', '2017-11-27 14:40:57'),
	(159, '姓名59', '13908335', 59, 0, '2017-11-27 14:40:57', '2017-11-27 14:40:57'),
	(160, '姓名60', '13908336', 60, 0, '2017-11-27 14:40:57', '2017-11-27 14:40:57'),
	(161, '姓名61', '13908337', 61, 0, '2017-11-27 14:40:57', '2017-11-27 14:40:57'),
	(162, '姓名62', '13908338', 62, 0, '2017-11-27 14:40:57', '2017-11-27 14:40:57'),
	(163, '姓名63', '13908339', 63, 0, '2017-11-27 14:40:57', '2017-11-27 14:40:57'),
	(164, '姓名64', '13908340', 64, 0, '2017-11-27 14:40:57', '2017-11-27 14:40:57'),
	(165, '姓名65', '13908341', 65, 0, '2017-11-27 14:40:57', '2017-11-27 14:40:57'),
	(166, '姓名66', '13908342', 66, 0, '2017-11-27 14:40:57', '2017-11-27 14:40:57'),
	(167, '姓名67', '13908343', 67, 0, '2017-11-27 14:40:57', '2017-11-27 14:40:57'),
	(168, '姓名68', '13908344', 68, 0, '2017-11-27 14:40:57', '2017-11-27 14:40:57'),
	(169, '姓名69', '13908345', 69, 0, '2017-11-27 14:40:57', '2017-11-27 14:40:57'),
	(170, '姓名70', '13908346', 70, 0, '2017-11-27 14:40:57', '2017-11-27 14:40:57'),
	(171, '姓名71', '13908347', 71, 0, '2017-11-27 14:40:57', '2017-11-27 14:40:57'),
	(172, '姓名72', '13908348', 72, 0, '2017-11-27 14:40:57', '2017-11-27 14:40:57'),
	(173, '姓名73', '13908349', 73, 0, '2017-11-27 14:40:57', '2017-11-27 14:40:57'),
	(174, '姓名74', '13908350', 74, 0, '2017-11-27 14:40:57', '2017-11-27 14:40:57'),
	(175, '姓名75', '13908351', 75, 0, '2017-11-27 14:40:57', '2017-11-27 14:40:57'),
	(176, '姓名76', '13908352', 76, 0, '2017-11-27 14:40:57', '2017-11-27 14:40:57'),
	(177, '姓名77', '13908353', 77, 0, '2017-11-27 14:40:57', '2017-11-27 14:40:57'),
	(178, '姓名78', '13908354', 78, 0, '2017-11-27 14:40:57', '2017-11-27 14:40:57'),
	(179, '姓名79', '13908355', 79, 0, '2017-11-27 14:40:57', '2017-11-27 14:40:57'),
	(180, '姓名80', '13908356', 80, 0, '2017-11-27 14:40:57', '2017-11-27 14:40:57'),
	(181, '姓名81', '13908357', 81, 0, '2017-11-27 14:40:57', '2017-11-27 14:40:57'),
	(182, '姓名82', '13908358', 82, 0, '2017-11-27 14:40:57', '2017-11-27 14:40:57'),
	(183, '姓名83', '13908359', 83, 0, '2017-11-27 14:40:57', '2017-11-27 14:40:57'),
	(184, '姓名84', '13908360', 84, 0, '2017-11-27 14:40:57', '2017-11-27 14:40:57'),
	(185, '姓名85', '13908361', 85, 0, '2017-11-27 14:40:57', '2017-11-27 14:40:57'),
	(186, '姓名86', '13908362', 86, 0, '2017-11-27 14:40:57', '2017-11-27 14:40:57'),
	(187, '姓名87', '13908363', 87, 0, '2017-11-27 14:40:57', '2017-11-27 14:40:57'),
	(188, '姓名88', '13908364', 88, 0, '2017-11-27 14:40:57', '2017-11-27 14:40:57'),
	(189, '姓名89', '13908365', 89, 0, '2017-11-27 14:40:57', '2017-11-27 14:40:57'),
	(190, '姓名90', '13908366', 90, 0, '2017-11-27 14:40:57', '2017-11-27 14:40:57'),
	(191, '姓名91', '13908367', 91, 0, '2017-11-27 14:40:57', '2017-11-27 14:40:57'),
	(192, '姓名92', '13908368', 92, 0, '2017-11-27 14:40:57', '2017-11-27 14:40:57'),
	(193, '姓名93', '13908369', 93, 0, '2017-11-27 14:40:57', '2017-11-27 14:40:57'),
	(194, '姓名94', '13908370', 94, 0, '2017-11-27 14:40:57', '2017-11-27 14:40:57'),
	(195, '姓名95', '13908371', 95, 0, '2017-11-27 14:40:57', '2017-11-27 14:40:57'),
	(196, '姓名96', '13908372', 96, 0, '2017-11-27 14:40:57', '2017-11-27 14:40:57'),
	(197, '姓名97', '13908373', 97, 0, '2017-11-27 14:40:57', '2017-11-27 14:40:57'),
	(198, '姓名98', '13908374', 98, 0, '2017-11-27 14:40:57', '2017-11-27 14:40:57'),
	(199, '姓名99', '13908375', 99, 0, '2017-11-27 14:40:57', '2017-11-27 14:40:57'),
	(200, '姓名100', '13908376', 100, 0, '2017-11-27 14:40:57', '2017-11-27 14:40:57');
/*!40000 ALTER TABLE `user` ENABLE KEYS */;


-- 导出  表 test.user_file 结构
CREATE TABLE IF NOT EXISTS `user_file` (
  `id` bigint(20) NOT NULL AUTO_INCREMENT COMMENT '主键',
  `name` varchar(50) DEFAULT NULL COMMENT '文件名称',
  `url` varchar(50) DEFAULT NULL COMMENT '文件路径',
  `type` varchar(50) DEFAULT NULL COMMENT '文件类型',
  `size` varchar(50) DEFAULT NULL COMMENT '文件大小',
  `gmt_create` datetime DEFAULT NULL,
  `gmt_modified` datetime DEFAULT NULL,
  PRIMARY KEY (`id`)
) ENGINE=InnoDB AUTO_INCREMENT=5 DEFAULT CHARSET=latin1 COMMENT='文件表';

-- 正在导出表  test.user_file 的数据：~4 rows (大约)
/*!40000 ALTER TABLE `user_file` DISABLE KEYS */;
INSERT INTO `user_file` (`id`, `name`, `url`, `type`, `size`, `gmt_create`, `gmt_modified`) VALUES
	(1, 'Desert.jpg', NULL, NULL, '845941', '2017-11-27 09:59:18', NULL),
	(2, 'Chrysanthemum.jpg', 'D://app/upload/2017\\11\\22Chrysanthemum.jpg', 'jpg', '879394', '2017-11-22 16:47:14', NULL),
	(3, 'Koala.jpg', 'D://app/upload/2017\\11\\22Koala.jpg', 'jpg', '780831', '2017-11-22 16:48:27', NULL),
	(4, 'Penguins.jpg', 'D://app/upload/2017\\11\\22\\Penguins.jpg', 'jpg', '777835', '2017-11-22 16:49:47', NULL);
/*!40000 ALTER TABLE `user_file` ENABLE KEYS */;
/*!40101 SET SQL_MODE=IFNULL(@OLD_SQL_MODE, '') */;
/*!40014 SET FOREIGN_KEY_CHECKS=IF(@OLD_FOREIGN_KEY_CHECKS IS NULL, 1, @OLD_FOREIGN_KEY_CHECKS) */;
/*!40101 SET CHARACTER_SET_CLIENT=@OLD_CHARACTER_SET_CLIENT */;
